{"lastUsed":1718928013856,"path":"C:\/class\/code\/java","projectCount":1,"recentFiles":[{"path":"\/JavaTest\/src\/com\/test\/java","parentWorkspace":"C:\/class\/code\/java","name":"Ex03_Variable.java","lastModified":1718863727712,"locationURI":"file:\/C:\/class\/code\/java\/JavaTest\/src\/com\/test\/java\/Ex03_Variable.java"},{"path":"\/JavaTest\/src\/com\/test\/java","parentWorkspace":"C:\/class\/code\/java","name":"Ex02_DataType.java","lastModified":1718851722676,"locationURI":"file:\/C:\/class\/code\/java\/JavaTest\/src\/com\/test\/java\/Ex02_DataType.java"},{"path":"\/JavaTest\/src\/com\/test\/java","parentWorkspace":"C:\/class\/code\/java","name":"Ex04_Variable.java","lastModified":1718870743780,"locationURI":"file:\/C:\/class\/code\/java\/JavaTest\/src\/com\/test\/java\/Ex04_Variable.java"},{"path":"\/JavaTest\/src\/com\/test\/java","parentWorkspace":"C:\/class\/code\/java","name":"Ex01.java","lastModified":1718927868140,"locationURI":"file:\/C:\/class\/code\/java\/JavaTest\/src\/com\/test\/java\/Ex01.java"}]}