<?xml version="1.0" encoding="UTF-8"?>
<section name="Workbench">
	<section name="org.eclipse.debug.ui.SCOPED_SAVE_SELECTION_DIALOG">
		<item key="DIALOG_WIDTH" value="309"/>
		<item key="DIALOG_HEIGHT" value="377"/>
		<item key="DIALOG_FONT_NAME" value="1|맑은 고딕|9.0|0|WINDOWS|1|-12|0|0|0|400|0|0|0|1|0|0|0|0|맑은 고딕"/>
	</section>
	<section name="org.eclipse.debug.ui.SELECT_LAUNCH_SHORTCUT_DIALOG">
		<item key="DIALOG_WIDTH" value="270"/>
		<item key="DIALOG_HEIGHT" value="436"/>
		<item key="DIALOG_FONT_NAME" value="1|맑은 고딕|9.0|0|WINDOWS|1|-12|0|0|0|400|0|0|0|1|0|0|0|0|맑은 고딕"/>
	</section>
	<section name="org.eclipse.debug.ui.LAUNCH_CONFIGURATIONS_DIALOG_SECTION">
		<item key="org.eclipse.debug.ui.DIALOG_SASH_WEIGHTS_1" value="237"/>
		<item key="org.eclipse.debug.ui.DIALOG_SASH_WEIGHTS_2" value="762"/>
		<item key="org.eclipse.debug.ui.EXPANDED_NODES" value=", org.eclipse.jdt.launching.localJavaApplication, "/>
		<item key="DIALOG_WIDTH" value="800"/>
		<item key="DIALOG_HEIGHT" value="640"/>
		<item key="DIALOG_FONT_NAME" value="1|맑은 고딕|9.0|0|WINDOWS|1|-12|0|0|0|400|0|0|0|1|0|0|0|0|맑은 고딕"/>
	</section>
	<section name="org.eclipse.debug.ui.SELECT_LAUNCH_CONFIGURATION_DIALOG">
		<item key="DIALOG_WIDTH" value="270"/>
		<item key="DIALOG_HEIGHT" value="310"/>
		<item key="DIALOG_FONT_NAME" value="1|맑은 고딕|9.0|0|WINDOWS|1|-12|0|0|0|400|0|0|0|1|0|0|0|0|맑은 고딕"/>
	</section>
</section>
